team,gm,roster_war,ST,IC,K,z_ST,z_IC,z_K,STICK
MIL,Matt Arnold,48.16,333420000.0,1.5985,2.145,2.0966,1.6129,1.4158,1.8153
CHW,Chris Getz,35.44,254580000.0,2.012,1.1843,1.2769,2.8326,0.7816,1.6445
BOS,Craig Breslow,46.33,245635000.0,1.4033,2.1291,1.1839,1.037,1.4052,1.1841
PIT,Ben Cherington,34.83,230985000.0,1.3759,1.445,1.0316,0.9561,0.9538,0.9934
CLE,Mike Chernoff,36.87,287965000.0,1.1859,-0.2998,1.624,0.3957,-0.1979,0.8911
WSN,Anirudh Kilambi,28.03,182385000.0,1.9033,-1.6885,0.5263,2.5121,-1.1145,0.7939
TBR,Erik Neander,38.99,281705000.0,1.0576,-0.7195,1.5589,0.0173,-0.4749,0.6897
CHC,Carter Hawkins,42.75,183325000.0,1.2948,0.5828,0.5361,0.7171,0.3847,0.5601
LAD,Brandon Gomes,48.95,148425000.0,0.9913,2.2436,0.1732,-0.1783,1.4809,0.3293
DET,Jeff Greenberg,34.8,123900000.0,1.2775,0.9388,-0.0818,0.666,0.6196,0.2828
ATL,Alex Anthopoulos,42.75,153925000.0,0.8658,2.3153,0.2304,-0.5487,1.5282,0.2562
NYY,Brian Cashman,45.71,137045000.0,1.0967,1.1858,0.0549,0.1327,0.7826,0.2238
SDP,A.J. Preller,33.31,108145000.0,1.1811,0.5695,-0.2456,0.3815,0.3759,0.0668
MIA,Gabe Kapler,30.22,210890000.0,1.0031,-2.3682,0.8226,-0.1437,-1.5631,0.0556
ARI,Mike Hazen,32.38,122110000.0,0.9019,0.4908,-0.1004,-0.4422,0.3239,-0.1181
BAL,Mike Elias,30.14,125130000.0,0.8176,0.0329,-0.069,-0.6909,0.0217,-0.2374
MIN,Jeremy Zoll,26.02,150690000.0,0.6878,-0.1175,0.1968,-1.0736,-0.0775,-0.2392
TEX,Ross Fenstermaker,30.7,111450000.0,0.8551,-0.3927,-0.2112,-0.5802,-0.2592,-0.3315
KCR,J.J. Picollo,26.57,109615000.0,1.0911,-2.5783,-0.2303,0.1159,-1.7017,-0.4207
COL,Josh Byrnes,15.47,30265000.0,1.0504,0.5985,-1.0553,-0.0039,0.3951,-0.4498
SEA,Justin Hollander,28.47,109965000.0,0.793,-1.0074,-0.2267,-0.7634,-0.6649,-0.4753
PHI,Preston Mattingly,35.27,53065000.0,0.9567,-0.2034,-0.8182,-0.2804,-0.1342,-0.5201
TOR,Ross Atkins,30.22,18090000.0,0.7989,2.1539,-1.1819,-0.746,1.4216,-0.5304
STL,Mike Girsch,25.68,143560000.0,0.7153,-2.3726,0.1226,-0.9927,-1.566,-0.5497
OAK,David Forst,18.79,88705000.0,1.0115,-2.4712,-0.4477,-0.1189,-1.631,-0.5857
LAA,Perry Minasian,23.93,49735000.0,0.8785,-0.3477,-0.8529,-0.5112,-0.2295,-0.6257
HOU,Dana Brown,29.24,33480000.0,0.6706,-0.148,-1.0219,-1.1245,-0.0977,-0.8678
SFG,Zack Minasian,21.03,4185000.0,0.7211,-0.905,-1.3264,-0.9756,-0.5973,-1.0754
CIN,Brad Meador,17.67,45265000.0,0.5865,-2.8023,-0.8993,-1.3725,-1.8496,-1.2313
NYM,David Stearns,23.95,-124675000.0,0.7703,0.4068,-2.6662,-0.8302,0.2685,-1.5285
