team,manager,PV,mWPA,LOF,RSR,z_PV,z_mWPA,z_LOF,z_RSR,WEAVER
TBR,Kevin Cash,6.9866,3.7637,0.361,0.4286,1.4291,1.9128,0.817,-1.4433,1.2193
CLE,Stephen Vogt,2.6752,4.0212,0.314,0.7317,0.5844,2.1908,-0.0441,1.7963,1.1736
CIN,Terry Francona,11.1751,2.1072,0.3667,0.5625,2.2497,0.1243,0.923,-0.012,1.0806
OAK,Mark Kotsay,6.0788,3.4166,0.2648,0.5556,1.2513,1.538,-0.9485,-0.0862,0.8879
SDP,Craig Stammen,5.2699,3.5601,0.268,0.5385,1.0928,1.6929,-0.8885,-0.2689,0.8695
PHI,Don Mattingly,5.278,1.055,0.4371,0.7174,1.0944,-1.0118,2.2142,1.6433,0.5801
ARI,Torey Lovullo,4.0075,2.3951,0.318,0.6286,0.8455,0.4352,0.0283,0.6941,0.5641
TOR,John Schneider,3.5464,3.0515,0.2725,0.4634,0.7551,1.1439,-0.8066,-1.0709,0.4743
HOU,Joe Espada,3.4544,1.8414,0.3226,0.6765,0.7371,-0.1627,0.1131,1.206,0.3754
TEX,Skip Schumaker,4.3476,2.7044,0.2638,0.3939,0.9121,0.7691,-0.9668,-1.8134,0.3076
KCR,Matt Quatraro,0.8776,1.7759,0.373,0.6774,0.2322,-0.2334,1.0382,1.2161,0.2885
SEA,Dan Wilson,1.7674,2.8388,0.2403,0.56,0.4066,0.9142,-1.3982,-0.0387,0.269
ATL,Walt Weiss,-0.6388,2.1919,0.397,0.5,-0.0648,0.2157,1.4784,-0.6799,0.2033
BAL,Craig Albernaz,0.82,2.4187,0.2724,0.5741,0.221,0.4606,-0.8082,0.1117,0.1395
MIL,Pat Murphy,-1.3993,1.6594,0.3432,0.7143,-0.2138,-0.3592,0.4916,1.6101,0.0235
NYY,Aaron Boone,-3.9066,2.1377,0.343,0.5897,-0.7051,0.1572,0.4875,0.2791,-0.126
LAD,Dave Roberts,-3.7732,1.7735,0.3878,0.5652,-0.6789,-0.236,1.3103,0.017,-0.1559
MIN,Derek Shelton,2.1085,1.0401,0.2987,0.5758,0.4734,-1.0279,-0.3261,0.1297,-0.2064
CHW,Will Venable,-3.0557,2.0893,0.3278,0.5,-0.5384,0.105,0.2081,-0.6799,-0.2154
BOS,Chad Tracy,-3.6851,2.0359,0.2896,0.5333,-0.6617,0.0473,-0.4929,-0.3237,-0.3544
COL,Warren Schaeffer,-4.8924,1.6268,0.352,0.5854,-0.8982,-0.3944,0.6529,0.2324,-0.3761
NYM,Andy Green,-3.3766,1.2946,0.3186,0.6444,-0.6012,-0.7531,0.0396,0.8637,-0.4117
STL,Oliver Marmol,-0.8032,1.0751,0.2519,0.6111,-0.097,-0.9901,-1.1845,0.5075,-0.5123
WSN,Blake Butera,-4.5941,1.4301,0.3001,0.587,-0.8398,-0.6068,-0.3004,0.2494,-0.5684
MIA,Clayton McCullough,-1.3406,0.3246,0.3284,0.617,-0.2023,-1.8003,0.2191,0.5707,-0.6211
PIT,Don Kelly,-2.0109,2.0625,0.1644,0.4359,-0.3337,0.076,-2.7908,-1.365,-0.662
SFG,Tony Vitello,-5.7254,1.5702,0.3414,0.3696,-1.0614,-0.4555,0.4574,-2.0739,-0.7228
LAA,Kurt Suzuki,-7.8844,1.3019,0.3483,0.4138,-1.4844,-0.7452,0.5853,-1.6012,-0.9269
CHC,Craig Counsell,-7.198,0.3657,0.3609,0.5581,-1.3499,-1.756,0.8152,-0.0586,-1.0381
DET,A.J. Hinch,-13.3428,0.834,0.2661,0.6,-2.5538,-1.2503,-0.9238,0.3888,-1.5588
